coin,metric,correlation,p_value,significant
BTC,net_flow,-0.011307131558633037,0.8792525669612659,False
BTC,inflow,0.1062186493500113,0.1524000775795235,False
BTC,outflow,0.13520964177996378,0.06801032182533989,False
ETH,net_flow,-0.011335033945612482,0.8789568755104303,False
ETH,inflow,0.10458620670706732,0.15883856170089225,False
ETH,outflow,0.1333186802671308,0.07198959262996849,False
USDT,net_flow,-0.0013150227348593564,0.9859041797171337,False
USDT,inflow,0.1044541654224076,0.15936813461106847,False
USDT,outflow,0.1238711488397427,0.09478960453001278,False
