coin,metric,correlation,p_value,significant
BTC,net_flow,0.012170383165440588,0.4363832903016319,False
BTC,inflow,0.11634640196772117,8.290529190417041e-14,True
BTC,outflow,0.12441248043109854,1.3811989858700509e-15,True
ETH,net_flow,0.01230923159201584,0.43116753713971406,False
ETH,inflow,0.11686681067350331,6.418494318652493e-14,True
ETH,outflow,0.12490502437241688,1.0661208896791597e-15,True
USDT,net_flow,0.011619665042786727,0.4574251629879192,False
USDT,inflow,0.11615761797597329,9.09454330417668e-14,True
USDT,outflow,0.12461283251763303,1.2432795192644401e-15,True
